-- Insert Stations
INSERT INTO Station (station_code, station_name, city) VALUES ('NDLS', 'New Delhi', 'Delhi');
INSERT INTO Station (station_code, station_name, city) VALUES ('HWH', 'Howrah Junction', 'Kolkata');
INSERT INTO Station (station_code, station_name, city) VALUES ('CSMT', 'Chhatrapati Shivaji Maharaj Terminus', 'Mumbai');
INSERT INTO Station (station_code, station_name, city) VALUES ('MAS', 'Chennai Central', 'Chennai');
INSERT INTO Station (station_code, station_name, city) VALUES ('SBC', 'KSR Bengaluru', 'Bangalore');

-- Insert Routes
INSERT INTO Route (route_id, source_station, destination_station) VALUES (1, 'NDLS', 'HWH');
INSERT INTO Route (route_id, source_station, destination_station) VALUES (2, 'CSMT', 'MAS');
INSERT INTO Route (route_id, source_station, destination_station) VALUES (3, 'SBC', 'NDLS');

-- Insert Trains
INSERT INTO Train (train_number, train_name) VALUES (12301, 'Rajdhani Express');
INSERT INTO Train (train_number, train_name) VALUES (12627, 'Karnataka Express');
INSERT INTO Train (train_number, train_name) VALUES (11013, 'Chalukya Express');

-- Insert Schedules
INSERT INTO Schedule (schedule_id, train_number, route_id, departure_time, arrival_time, journey_date) VALUES (1, 12301, 1, '06:00:00', '18:00:00', '2025-04-20');
INSERT INTO Schedule (schedule_id, train_number, route_id, departure_time, arrival_time, journey_date) VALUES (2, 12301, 3, '06:00:00', '18:00:00', '2025-04-21');
INSERT INTO Schedule (schedule_id, train_number, route_id, departure_time, arrival_time, journey_date) VALUES (3, 12627, 1, '06:00:00', '18:00:00', '2025-04-22');
INSERT INTO Schedule (schedule_id, train_number, route_id, departure_time, arrival_time, journey_date) VALUES (4, 12301, 2, '06:00:00', '18:00:00', '2025-04-23');
INSERT INTO Schedule (schedule_id, train_number, route_id, departure_time, arrival_time, journey_date) VALUES (5, 12301, 1, '06:00:00', '18:00:00', '2025-04-24');
INSERT INTO Schedule (schedule_id, train_number, route_id, departure_time, arrival_time, journey_date) VALUES (6, 12627, 1, '06:00:00', '18:00:00', '2025-04-25');
INSERT INTO Schedule (schedule_id, train_number, route_id, departure_time, arrival_time, journey_date) VALUES (7, 12627, 3, '06:00:00', '18:00:00', '2025-04-26');
INSERT INTO Schedule (schedule_id, train_number, route_id, departure_time, arrival_time, journey_date) VALUES (8, 11013, 3, '06:00:00', '18:00:00', '2025-04-27');
INSERT INTO Schedule (schedule_id, train_number, route_id, departure_time, arrival_time, journey_date) VALUES (9, 12301, 3, '06:00:00', '18:00:00', '2025-04-28');
INSERT INTO Schedule (schedule_id, train_number, route_id, departure_time, arrival_time, journey_date) VALUES (10, 12301, 2, '06:00:00', '18:00:00', '2025-04-29');
INSERT INTO Schedule (schedule_id, train_number, route_id, departure_time, arrival_time, journey_date) VALUES (11, 12301, 1, '06:00:00', '18:00:00', '2025-04-30');
INSERT INTO Schedule (schedule_id, train_number, route_id, departure_time, arrival_time, journey_date) VALUES (12, 11013, 1, '06:00:00', '18:00:00', '2025-05-01');
INSERT INTO Schedule (schedule_id, train_number, route_id, departure_time, arrival_time, journey_date) VALUES (13, 11013, 2, '06:00:00', '18:00:00', '2025-05-02');
INSERT INTO Schedule (schedule_id, train_number, route_id, departure_time, arrival_time, journey_date) VALUES (14, 11013, 1, '06:00:00', '18:00:00', '2025-05-03');
INSERT INTO Schedule (schedule_id, train_number, route_id, departure_time, arrival_time, journey_date) VALUES (15, 12627, 1, '06:00:00', '18:00:00', '2025-05-04');
INSERT INTO Schedule (schedule_id, train_number, route_id, departure_time, arrival_time, journey_date) VALUES (16, 12627, 1, '06:00:00', '18:00:00', '2025-05-05');
INSERT INTO Schedule (schedule_id, train_number, route_id, departure_time, arrival_time, journey_date) VALUES (17, 12627, 1, '06:00:00', '18:00:00', '2025-05-06');
INSERT INTO Schedule (schedule_id, train_number, route_id, departure_time, arrival_time, journey_date) VALUES (18, 12301, 3, '06:00:00', '18:00:00', '2025-05-07');
INSERT INTO Schedule (schedule_id, train_number, route_id, departure_time, arrival_time, journey_date) VALUES (19, 12627, 1, '06:00:00', '18:00:00', '2025-05-08');
INSERT INTO Schedule (schedule_id, train_number, route_id, departure_time, arrival_time, journey_date) VALUES (20, 12627, 2, '06:00:00', '18:00:00', '2025-05-09');
INSERT INTO Schedule (schedule_id, train_number, route_id, departure_time, arrival_time, journey_date) VALUES (21, 12301, 3, '06:00:00', '18:00:00', '2025-05-10');
INSERT INTO Schedule (schedule_id, train_number, route_id, departure_time, arrival_time, journey_date) VALUES (22, 11013, 2, '06:00:00', '18:00:00', '2025-05-11');
INSERT INTO Schedule (schedule_id, train_number, route_id, departure_time, arrival_time, journey_date) VALUES (23, 11013, 2, '06:00:00', '18:00:00', '2025-05-12');
INSERT INTO Schedule (schedule_id, train_number, route_id, departure_time, arrival_time, journey_date) VALUES (24, 11013, 1, '06:00:00', '18:00:00', '2025-05-13');
INSERT INTO Schedule (schedule_id, train_number, route_id, departure_time, arrival_time, journey_date) VALUES (25, 12301, 2, '06:00:00', '18:00:00', '2025-05-14');
INSERT INTO Schedule (schedule_id, train_number, route_id, departure_time, arrival_time, journey_date) VALUES (26, 11013, 1, '06:00:00', '18:00:00', '2025-05-15');
INSERT INTO Schedule (schedule_id, train_number, route_id, departure_time, arrival_time, journey_date) VALUES (27, 11013, 1, '06:00:00', '18:00:00', '2025-05-16');
INSERT INTO Schedule (schedule_id, train_number, route_id, departure_time, arrival_time, journey_date) VALUES (28, 12301, 2, '06:00:00', '18:00:00', '2025-05-17');
INSERT INTO Schedule (schedule_id, train_number, route_id, departure_time, arrival_time, journey_date) VALUES (29, 11013, 1, '06:00:00', '18:00:00', '2025-05-18');
INSERT INTO Schedule (schedule_id, train_number, route_id, departure_time, arrival_time, journey_date) VALUES (30, 11013, 2, '06:00:00', '18:00:00', '2025-05-19');

-- Insert Classes
INSERT INTO Class (class_id, class_name, base_fare) VALUES (1, 'Sleeper', 300.0);
INSERT INTO Class (class_id, class_name, base_fare) VALUES (2, 'AC 3 Tier', 850.0);
INSERT INTO Class (class_id, class_name, base_fare) VALUES (3, 'AC 2 Tier', 1200.0);

-- Insert Seats
INSERT INTO Seat (seat_id, train_number, class_id, seat_number) VALUES (1, 12301, 1, '101');
INSERT INTO Seat (seat_id, train_number, class_id, seat_number) VALUES (2, 12301, 1, '102');
INSERT INTO Seat (seat_id, train_number, class_id, seat_number) VALUES (3, 12301, 1, '103');
INSERT INTO Seat (seat_id, train_number, class_id, seat_number) VALUES (4, 12301, 1, '104');
INSERT INTO Seat (seat_id, train_number, class_id, seat_number) VALUES (5, 12301, 1, '105');
INSERT INTO Seat (seat_id, train_number, class_id, seat_number) VALUES (6, 12301, 2, '201');
INSERT INTO Seat (seat_id, train_number, class_id, seat_number) VALUES (7, 12301, 2, '202');
INSERT INTO Seat (seat_id, train_number, class_id, seat_number) VALUES (8, 12301, 2, '203');
INSERT INTO Seat (seat_id, train_number, class_id, seat_number) VALUES (9, 12301, 2, '204');
INSERT INTO Seat (seat_id, train_number, class_id, seat_number) VALUES (10, 12301, 2, '205');
INSERT INTO Seat (seat_id, train_number, class_id, seat_number) VALUES (11, 12301, 3, '301');
INSERT INTO Seat (seat_id, train_number, class_id, seat_number) VALUES (12, 12301, 3, '302');
INSERT INTO Seat (seat_id, train_number, class_id, seat_number) VALUES (13, 12301, 3, '303');
INSERT INTO Seat (seat_id, train_number, class_id, seat_number) VALUES (14, 12301, 3, '304');
INSERT INTO Seat (seat_id, train_number, class_id, seat_number) VALUES (15, 12301, 3, '305');
INSERT INTO Seat (seat_id, train_number, class_id, seat_number) VALUES (16, 12627, 1, '101');
INSERT INTO Seat (seat_id, train_number, class_id, seat_number) VALUES (17, 12627, 1, '102');
INSERT INTO Seat (seat_id, train_number, class_id, seat_number) VALUES (18, 12627, 1, '103');
INSERT INTO Seat (seat_id, train_number, class_id, seat_number) VALUES (19, 12627, 1, '104');
INSERT INTO Seat (seat_id, train_number, class_id, seat_number) VALUES (20, 12627, 1, '105');
INSERT INTO Seat (seat_id, train_number, class_id, seat_number) VALUES (21, 12627, 2, '201');
INSERT INTO Seat (seat_id, train_number, class_id, seat_number) VALUES (22, 12627, 2, '202');
INSERT INTO Seat (seat_id, train_number, class_id, seat_number) VALUES (23, 12627, 2, '203');
INSERT INTO Seat (seat_id, train_number, class_id, seat_number) VALUES (24, 12627, 2, '204');
INSERT INTO Seat (seat_id, train_number, class_id, seat_number) VALUES (25, 12627, 2, '205');
INSERT INTO Seat (seat_id, train_number, class_id, seat_number) VALUES (26, 12627, 3, '301');
INSERT INTO Seat (seat_id, train_number, class_id, seat_number) VALUES (27, 12627, 3, '302');
INSERT INTO Seat (seat_id, train_number, class_id, seat_number) VALUES (28, 12627, 3, '303');
INSERT INTO Seat (seat_id, train_number, class_id, seat_number) VALUES (29, 12627, 3, '304');
INSERT INTO Seat (seat_id, train_number, class_id, seat_number) VALUES (30, 12627, 3, '305');
INSERT INTO Seat (seat_id, train_number, class_id, seat_number) VALUES (31, 11013, 1, '101');
INSERT INTO Seat (seat_id, train_number, class_id, seat_number) VALUES (32, 11013, 1, '102');
INSERT INTO Seat (seat_id, train_number, class_id, seat_number) VALUES (33, 11013, 1, '103');
INSERT INTO Seat (seat_id, train_number, class_id, seat_number) VALUES (34, 11013, 1, '104');
INSERT INTO Seat (seat_id, train_number, class_id, seat_number) VALUES (35, 11013, 1, '105');
INSERT INTO Seat (seat_id, train_number, class_id, seat_number) VALUES (36, 11013, 2, '201');
INSERT INTO Seat (seat_id, train_number, class_id, seat_number) VALUES (37, 11013, 2, '202');
INSERT INTO Seat (seat_id, train_number, class_id, seat_number) VALUES (38, 11013, 2, '203');
INSERT INTO Seat (seat_id, train_number, class_id, seat_number) VALUES (39, 11013, 2, '204');
INSERT INTO Seat (seat_id, train_number, class_id, seat_number) VALUES (40, 11013, 2, '205');
INSERT INTO Seat (seat_id, train_number, class_id, seat_number) VALUES (41, 11013, 3, '301');
INSERT INTO Seat (seat_id, train_number, class_id, seat_number) VALUES (42, 11013, 3, '302');
INSERT INTO Seat (seat_id, train_number, class_id, seat_number) VALUES (43, 11013, 3, '303');
INSERT INTO Seat (seat_id, train_number, class_id, seat_number) VALUES (44, 11013, 3, '304');
INSERT INTO Seat (seat_id, train_number, class_id, seat_number) VALUES (45, 11013, 3, '305');

-- Insert Passengers
INSERT INTO Passenger (passenger_id, full_name, age, gender, concession) VALUES (1, 'Passenger1', 27, 'Male', 'None');
INSERT INTO Passenger (passenger_id, full_name, age, gender, concession) VALUES (2, 'Passenger2', 32, 'Male', 'Student');
INSERT INTO Passenger (passenger_id, full_name, age, gender, concession) VALUES (3, 'Passenger3', 38, 'Other', 'Student');
INSERT INTO Passenger (passenger_id, full_name, age, gender, concession) VALUES (4, 'Passenger4', 56, 'Other', 'None');
INSERT INTO Passenger (passenger_id, full_name, age, gender, concession) VALUES (5, 'Passenger5', 24, 'Male', 'Disabled');
INSERT INTO Passenger (passenger_id, full_name, age, gender, concession) VALUES (6, 'Passenger6', 26, 'Other', 'Senior Citizen');
INSERT INTO Passenger (passenger_id, full_name, age, gender, concession) VALUES (7, 'Passenger7', 46, 'Female', 'None');
INSERT INTO Passenger (passenger_id, full_name, age, gender, concession) VALUES (8, 'Passenger8', 30, 'Other', 'Student');
INSERT INTO Passenger (passenger_id, full_name, age, gender, concession) VALUES (9, 'Passenger9', 51, 'Male', 'Student');
INSERT INTO Passenger (passenger_id, full_name, age, gender, concession) VALUES (10, 'Passenger10', 62, 'Male', 'None');
INSERT INTO Passenger (passenger_id, full_name, age, gender, concession) VALUES (11, 'Passenger11', 46, 'Female', 'None');
INSERT INTO Passenger (passenger_id, full_name, age, gender, concession) VALUES (12, 'Passenger12', 46, 'Female', 'None');
INSERT INTO Passenger (passenger_id, full_name, age, gender, concession) VALUES (13, 'Passenger13', 62, 'Female', 'None');
INSERT INTO Passenger (passenger_id, full_name, age, gender, concession) VALUES (14, 'Passenger14', 56, 'Male', 'None');
INSERT INTO Passenger (passenger_id, full_name, age, gender, concession) VALUES (15, 'Passenger15', 18, 'Female', 'None');
INSERT INTO Passenger (passenger_id, full_name, age, gender, concession) VALUES (16, 'Passenger16', 52, 'Other', 'Student');
INSERT INTO Passenger (passenger_id, full_name, age, gender, concession) VALUES (17, 'Passenger17', 64, 'Female', 'Senior Citizen');
INSERT INTO Passenger (passenger_id, full_name, age, gender, concession) VALUES (18, 'Passenger18', 54, 'Other', 'None');
INSERT INTO Passenger (passenger_id, full_name, age, gender, concession) VALUES (19, 'Passenger19', 43, 'Female', 'None');
INSERT INTO Passenger (passenger_id, full_name, age, gender, concession) VALUES (20, 'Passenger20', 55, 'Female', 'Disabled');
INSERT INTO Passenger (passenger_id, full_name, age, gender, concession) VALUES (21, 'Passenger21', 63, 'Other', 'Student');
INSERT INTO Passenger (passenger_id, full_name, age, gender, concession) VALUES (22, 'Passenger22', 24, 'Other', 'Student');
INSERT INTO Passenger (passenger_id, full_name, age, gender, concession) VALUES (23, 'Passenger23', 61, 'Male', 'Student');
INSERT INTO Passenger (passenger_id, full_name, age, gender, concession) VALUES (24, 'Passenger24', 50, 'Female', 'None');
INSERT INTO Passenger (passenger_id, full_name, age, gender, concession) VALUES (25, 'Passenger25', 31, 'Other', 'Student');
INSERT INTO Passenger (passenger_id, full_name, age, gender, concession) VALUES (26, 'Passenger26', 50, 'Other', 'None');
INSERT INTO Passenger (passenger_id, full_name, age, gender, concession) VALUES (27, 'Passenger27', 54, 'Female', 'Senior Citizen');
INSERT INTO Passenger (passenger_id, full_name, age, gender, concession) VALUES (28, 'Passenger28', 36, 'Male', 'Disabled');
INSERT INTO Passenger (passenger_id, full_name, age, gender, concession) VALUES (29, 'Passenger29', 19, 'Other', 'Student');
INSERT INTO Passenger (passenger_id, full_name, age, gender, concession) VALUES (30, 'Passenger30', 68, 'Other', 'Student');
INSERT INTO Passenger (passenger_id, full_name, age, gender, concession) VALUES (31, 'Passenger31', 35, 'Male', 'Disabled');
INSERT INTO Passenger (passenger_id, full_name, age, gender, concession) VALUES (32, 'Passenger32', 66, 'Male', 'Student');
INSERT INTO Passenger (passenger_id, full_name, age, gender, concession) VALUES (33, 'Passenger33', 66, 'Male', 'None');
INSERT INTO Passenger (passenger_id, full_name, age, gender, concession) VALUES (34, 'Passenger34', 41, 'Male', 'Student');
INSERT INTO Passenger (passenger_id, full_name, age, gender, concession) VALUES (35, 'Passenger35', 67, 'Other', 'Senior Citizen');
INSERT INTO Passenger (passenger_id, full_name, age, gender, concession) VALUES (36, 'Passenger36', 57, 'Female', 'Disabled');
INSERT INTO Passenger (passenger_id, full_name, age, gender, concession) VALUES (37, 'Passenger37', 43, 'Female', 'None');
INSERT INTO Passenger (passenger_id, full_name, age, gender, concession) VALUES (38, 'Passenger38', 34, 'Female', 'Senior Citizen');
INSERT INTO Passenger (passenger_id, full_name, age, gender, concession) VALUES (39, 'Passenger39', 38, 'Male', 'Student');
INSERT INTO Passenger (passenger_id, full_name, age, gender, concession) VALUES (40, 'Passenger40', 68, 'Other', 'Disabled');
INSERT INTO Passenger (passenger_id, full_name, age, gender, concession) VALUES (41, 'Passenger41', 55, 'Other', 'None');
INSERT INTO Passenger (passenger_id, full_name, age, gender, concession) VALUES (42, 'Passenger42', 63, 'Other', 'Student');
INSERT INTO Passenger (passenger_id, full_name, age, gender, concession) VALUES (43, 'Passenger43', 68, 'Male', 'None');
INSERT INTO Passenger (passenger_id, full_name, age, gender, concession) VALUES (44, 'Passenger44', 26, 'Female', 'Student');
INSERT INTO Passenger (passenger_id, full_name, age, gender, concession) VALUES (45, 'Passenger45', 52, 'Male', 'Disabled');
INSERT INTO Passenger (passenger_id, full_name, age, gender, concession) VALUES (46, 'Passenger46', 30, 'Male', 'None');
INSERT INTO Passenger (passenger_id, full_name, age, gender, concession) VALUES (47, 'Passenger47', 32, 'Female', 'Student');
INSERT INTO Passenger (passenger_id, full_name, age, gender, concession) VALUES (48, 'Passenger48', 54, 'Male', 'None');
INSERT INTO Passenger (passenger_id, full_name, age, gender, concession) VALUES (49, 'Passenger49', 42, 'Male', 'None');
INSERT INTO Passenger (passenger_id, full_name, age, gender, concession) VALUES (50, 'Passenger50', 35, 'Other', 'Disabled');

-- Insert Payments
INSERT INTO Payment (payment_id, amount, payment_mode, payment_status) VALUES (1, 1166.02, 'UPI', 'Success');
INSERT INTO Payment (payment_id, amount, payment_mode, payment_status) VALUES (2, 1198.31, 'Cash', 'Success');
INSERT INTO Payment (payment_id, amount, payment_mode, payment_status) VALUES (3, 886.78, 'Net Banking', 'Success');
INSERT INTO Payment (payment_id, amount, payment_mode, payment_status) VALUES (4, 628.96, 'Credit Card', 'Success');
INSERT INTO Payment (payment_id, amount, payment_mode, payment_status) VALUES (5, 1372.55, 'Net Banking', 'Success');
INSERT INTO Payment (payment_id, amount, payment_mode, payment_status) VALUES (6, 473.99, 'UPI', 'Success');
INSERT INTO Payment (payment_id, amount, payment_mode, payment_status) VALUES (7, 1174.03, 'UPI', 'Success');
INSERT INTO Payment (payment_id, amount, payment_mode, payment_status) VALUES (8, 730.8, 'Credit Card', 'Success');
INSERT INTO Payment (payment_id, amount, payment_mode, payment_status) VALUES (9, 716.73, 'Debit Card', 'Success');
INSERT INTO Payment (payment_id, amount, payment_mode, payment_status) VALUES (10, 1267.91, 'Debit Card', 'Success');
INSERT INTO Payment (payment_id, amount, payment_mode, payment_status) VALUES (11, 781.75, 'Cash', 'Success');
INSERT INTO Payment (payment_id, amount, payment_mode, payment_status) VALUES (12, 441.5, 'Net Banking', 'Success');
INSERT INTO Payment (payment_id, amount, payment_mode, payment_status) VALUES (13, 559.52, 'Cash', 'Success');
INSERT INTO Payment (payment_id, amount, payment_mode, payment_status) VALUES (14, 953.15, 'Cash', 'Success');
INSERT INTO Payment (payment_id, amount, payment_mode, payment_status) VALUES (15, 761.7, 'UPI', 'Success');
INSERT INTO Payment (payment_id, amount, payment_mode, payment_status) VALUES (16, 851.0, 'Credit Card', 'Success');
INSERT INTO Payment (payment_id, amount, payment_mode, payment_status) VALUES (17, 821.97, 'Credit Card', 'Success');
INSERT INTO Payment (payment_id, amount, payment_mode, payment_status) VALUES (18, 666.62, 'Cash', 'Success');
INSERT INTO Payment (payment_id, amount, payment_mode, payment_status) VALUES (19, 1138.08, 'Cash', 'Success');
INSERT INTO Payment (payment_id, amount, payment_mode, payment_status) VALUES (20, 700.96, 'Cash', 'Success');
INSERT INTO Payment (payment_id, amount, payment_mode, payment_status) VALUES (21, 616.5, 'Debit Card', 'Success');
INSERT INTO Payment (payment_id, amount, payment_mode, payment_status) VALUES (22, 201.07, 'UPI', 'Success');
INSERT INTO Payment (payment_id, amount, payment_mode, payment_status) VALUES (23, 1101.68, 'Debit Card', 'Success');
INSERT INTO Payment (payment_id, amount, payment_mode, payment_status) VALUES (24, 451.27, 'Net Banking', 'Success');
INSERT INTO Payment (payment_id, amount, payment_mode, payment_status) VALUES (25, 1197.34, 'Debit Card', 'Success');
INSERT INTO Payment (payment_id, amount, payment_mode, payment_status) VALUES (26, 1397.34, 'Credit Card', 'Success');
INSERT INTO Payment (payment_id, amount, payment_mode, payment_status) VALUES (27, 963.01, 'Net Banking', 'Success');
INSERT INTO Payment (payment_id, amount, payment_mode, payment_status) VALUES (28, 628.23, 'Cash', 'Success');
INSERT INTO Payment (payment_id, amount, payment_mode, payment_status) VALUES (29, 485.7, 'Net Banking', 'Success');
INSERT INTO Payment (payment_id, amount, payment_mode, payment_status) VALUES (30, 444.88, 'Debit Card', 'Success');
INSERT INTO Payment (payment_id, amount, payment_mode, payment_status) VALUES (31, 250.35, 'UPI', 'Success');
INSERT INTO Payment (payment_id, amount, payment_mode, payment_status) VALUES (32, 1089.96, 'Debit Card', 'Success');
INSERT INTO Payment (payment_id, amount, payment_mode, payment_status) VALUES (33, 945.95, 'Credit Card', 'Success');
INSERT INTO Payment (payment_id, amount, payment_mode, payment_status) VALUES (34, 1197.49, 'Credit Card', 'Success');
INSERT INTO Payment (payment_id, amount, payment_mode, payment_status) VALUES (35, 1057.63, 'Credit Card', 'Success');
INSERT INTO Payment (payment_id, amount, payment_mode, payment_status) VALUES (36, 833.58, 'UPI', 'Success');
INSERT INTO Payment (payment_id, amount, payment_mode, payment_status) VALUES (37, 1384.03, 'Cash', 'Success');
INSERT INTO Payment (payment_id, amount, payment_mode, payment_status) VALUES (38, 284.54, 'Net Banking', 'Success');
INSERT INTO Payment (payment_id, amount, payment_mode, payment_status) VALUES (39, 231.86, 'Net Banking', 'Success');
INSERT INTO Payment (payment_id, amount, payment_mode, payment_status) VALUES (40, 1169.14, 'Credit Card', 'Success');
INSERT INTO Payment (payment_id, amount, payment_mode, payment_status) VALUES (41, 650.87, 'Credit Card', 'Success');
INSERT INTO Payment (payment_id, amount, payment_mode, payment_status) VALUES (42, 1310.9, 'Debit Card', 'Success');
INSERT INTO Payment (payment_id, amount, payment_mode, payment_status) VALUES (43, 1185.05, 'Debit Card', 'Success');
INSERT INTO Payment (payment_id, amount, payment_mode, payment_status) VALUES (44, 673.46, 'Net Banking', 'Success');
INSERT INTO Payment (payment_id, amount, payment_mode, payment_status) VALUES (45, 1341.08, 'UPI', 'Success');
INSERT INTO Payment (payment_id, amount, payment_mode, payment_status) VALUES (46, 866.76, 'UPI', 'Success');
INSERT INTO Payment (payment_id, amount, payment_mode, payment_status) VALUES (47, 242.82, 'Debit Card', 'Success');
INSERT INTO Payment (payment_id, amount, payment_mode, payment_status) VALUES (48, 901.25, 'Net Banking', 'Success');
INSERT INTO Payment (payment_id, amount, payment_mode, payment_status) VALUES (49, 611.0, 'Net Banking', 'Success');
INSERT INTO Payment (payment_id, amount, payment_mode, payment_status) VALUES (50, 1089.13, 'UPI', 'Success');
INSERT INTO Payment (payment_id, amount, payment_mode, payment_status) VALUES (51, 232.51, 'Debit Card', 'Success');
INSERT INTO Payment (payment_id, amount, payment_mode, payment_status) VALUES (52, 268.69, 'Net Banking', 'Success');
INSERT INTO Payment (payment_id, amount, payment_mode, payment_status) VALUES (53, 1361.07, 'Credit Card', 'Success');
INSERT INTO Payment (payment_id, amount, payment_mode, payment_status) VALUES (54, 1233.44, 'Debit Card', 'Success');
INSERT INTO Payment (payment_id, amount, payment_mode, payment_status) VALUES (55, 479.35, 'Credit Card', 'Success');
INSERT INTO Payment (payment_id, amount, payment_mode, payment_status) VALUES (56, 344.53, 'Net Banking', 'Success');
INSERT INTO Payment (payment_id, amount, payment_mode, payment_status) VALUES (57, 1403.62, 'Net Banking', 'Success');
INSERT INTO Payment (payment_id, amount, payment_mode, payment_status) VALUES (58, 295.99, 'Debit Card', 'Success');
INSERT INTO Payment (payment_id, amount, payment_mode, payment_status) VALUES (59, 902.8, 'Credit Card', 'Success');
INSERT INTO Payment (payment_id, amount, payment_mode, payment_status) VALUES (60, 646.65, 'Credit Card', 'Success');
INSERT INTO Payment (payment_id, amount, payment_mode, payment_status) VALUES (61, 1259.21, 'Credit Card', 'Success');
INSERT INTO Payment (payment_id, amount, payment_mode, payment_status) VALUES (62, 750.9, 'Credit Card', 'Success');
INSERT INTO Payment (payment_id, amount, payment_mode, payment_status) VALUES (63, 932.02, 'Debit Card', 'Success');
INSERT INTO Payment (payment_id, amount, payment_mode, payment_status) VALUES (64, 288.23, 'UPI', 'Success');
INSERT INTO Payment (payment_id, amount, payment_mode, payment_status) VALUES (65, 278.58, 'Credit Card', 'Success');
INSERT INTO Payment (payment_id, amount, payment_mode, payment_status) VALUES (66, 225.14, 'Net Banking', 'Success');
INSERT INTO Payment (payment_id, amount, payment_mode, payment_status) VALUES (67, 430.0, 'UPI', 'Success');
INSERT INTO Payment (payment_id, amount, payment_mode, payment_status) VALUES (68, 698.5, 'Cash', 'Success');
INSERT INTO Payment (payment_id, amount, payment_mode, payment_status) VALUES (69, 1436.86, 'Credit Card', 'Success');
INSERT INTO Payment (payment_id, amount, payment_mode, payment_status) VALUES (70, 1361.83, 'Credit Card', 'Success');
INSERT INTO Payment (payment_id, amount, payment_mode, payment_status) VALUES (71, 926.47, 'Net Banking', 'Success');
INSERT INTO Payment (payment_id, amount, payment_mode, payment_status) VALUES (72, 1221.5, 'UPI', 'Success');
INSERT INTO Payment (payment_id, amount, payment_mode, payment_status) VALUES (73, 845.9, 'Credit Card', 'Success');
INSERT INTO Payment (payment_id, amount, payment_mode, payment_status) VALUES (74, 488.63, 'Cash', 'Success');
INSERT INTO Payment (payment_id, amount, payment_mode, payment_status) VALUES (75, 399.25, 'Net Banking', 'Success');
INSERT INTO Payment (payment_id, amount, payment_mode, payment_status) VALUES (76, 814.61, 'Cash', 'Success');
INSERT INTO Payment (payment_id, amount, payment_mode, payment_status) VALUES (77, 916.12, 'Debit Card', 'Success');
INSERT INTO Payment (payment_id, amount, payment_mode, payment_status) VALUES (78, 682.23, 'UPI', 'Success');
INSERT INTO Payment (payment_id, amount, payment_mode, payment_status) VALUES (79, 667.48, 'Credit Card', 'Success');
INSERT INTO Payment (payment_id, amount, payment_mode, payment_status) VALUES (80, 549.68, 'UPI', 'Success');
INSERT INTO Payment (payment_id, amount, payment_mode, payment_status) VALUES (81, 826.82, 'Net Banking', 'Success');
INSERT INTO Payment (payment_id, amount, payment_mode, payment_status) VALUES (82, 1094.44, 'Debit Card', 'Success');
INSERT INTO Payment (payment_id, amount, payment_mode, payment_status) VALUES (83, 523.62, 'Debit Card', 'Success');
INSERT INTO Payment (payment_id, amount, payment_mode, payment_status) VALUES (84, 354.68, 'Credit Card', 'Success');
INSERT INTO Payment (payment_id, amount, payment_mode, payment_status) VALUES (85, 493.43, 'Cash', 'Success');
INSERT INTO Payment (payment_id, amount, payment_mode, payment_status) VALUES (86, 1440.76, 'UPI', 'Success');
INSERT INTO Payment (payment_id, amount, payment_mode, payment_status) VALUES (87, 838.71, 'Cash', 'Success');
INSERT INTO Payment (payment_id, amount, payment_mode, payment_status) VALUES (88, 1341.23, 'Credit Card', 'Success');
INSERT INTO Payment (payment_id, amount, payment_mode, payment_status) VALUES (89, 187.21, 'Credit Card', 'Success');
INSERT INTO Payment (payment_id, amount, payment_mode, payment_status) VALUES (90, 366.26, 'Debit Card', 'Success');
INSERT INTO Payment (payment_id, amount, payment_mode, payment_status) VALUES (91, 956.46, 'Cash', 'Success');
INSERT INTO Payment (payment_id, amount, payment_mode, payment_status) VALUES (92, 672.16, 'Credit Card', 'Success');
INSERT INTO Payment (payment_id, amount, payment_mode, payment_status) VALUES (93, 1047.08, 'Credit Card', 'Success');
INSERT INTO Payment (payment_id, amount, payment_mode, payment_status) VALUES (94, 154.68, 'Net Banking', 'Success');
INSERT INTO Payment (payment_id, amount, payment_mode, payment_status) VALUES (95, 487.49, 'Net Banking', 'Success');
INSERT INTO Payment (payment_id, amount, payment_mode, payment_status) VALUES (96, 1085.99, 'Net Banking', 'Success');
INSERT INTO Payment (payment_id, amount, payment_mode, payment_status) VALUES (97, 378.47, 'Cash', 'Success');
INSERT INTO Payment (payment_id, amount, payment_mode, payment_status) VALUES (98, 461.3, 'UPI', 'Success');
INSERT INTO Payment (payment_id, amount, payment_mode, payment_status) VALUES (99, 391.92, 'UPI', 'Success');
INSERT INTO Payment (payment_id, amount, payment_mode, payment_status) VALUES (100, 1287.15, 'Debit Card', 'Success');

-- Insert Tickets
INSERT INTO Ticket (pnr, passenger_id, schedule_id, seat_id, class_id, ticket_status, payment_id) VALUES ('PNR100001', 24, 17, 21, 2, 'Confirmed', 14);
INSERT INTO Ticket (pnr, passenger_id, schedule_id, seat_id, class_id, ticket_status, payment_id) VALUES ('PNR100002', 3, 29, NULL, 3, 'RAC', 13);
INSERT INTO Ticket (pnr, passenger_id, schedule_id, seat_id, class_id, ticket_status, payment_id) VALUES ('PNR100003', 14, 24, NULL, 1, 'Waitlist', 33);
INSERT INTO Ticket (pnr, passenger_id, schedule_id, seat_id, class_id, ticket_status, payment_id) VALUES ('PNR100004', 50, 24, NULL, 3, 'RAC', 79);
INSERT INTO Ticket (pnr, passenger_id, schedule_id, seat_id, class_id, ticket_status, payment_id) VALUES ('PNR100005', 46, 27, NULL, 2, 'Waitlist', 36);
INSERT INTO Ticket (pnr, passenger_id, schedule_id, seat_id, class_id, ticket_status, payment_id) VALUES ('PNR100006', 3, 29, NULL, 3, 'Waitlist', 43);
INSERT INTO Ticket (pnr, passenger_id, schedule_id, seat_id, class_id, ticket_status, payment_id) VALUES ('PNR100007', 20, 12, NULL, 1, 'Waitlist', 7);
INSERT INTO Ticket (pnr, passenger_id, schedule_id, seat_id, class_id, ticket_status, payment_id) VALUES ('PNR100008', 1, 6, NULL, 3, 'RAC', 32);
INSERT INTO Ticket (pnr, passenger_id, schedule_id, seat_id, class_id, ticket_status, payment_id) VALUES ('PNR100009', 38, 5, NULL, 2, 'RAC', 28);
INSERT INTO Ticket (pnr, passenger_id, schedule_id, seat_id, class_id, ticket_status, payment_id) VALUES ('PNR100010', 17, 26, NULL, 3, 'RAC', 72);
INSERT INTO Ticket (pnr, passenger_id, schedule_id, seat_id, class_id, ticket_status, payment_id) VALUES ('PNR100011', 2, 22, NULL, 1, 'RAC', 65);
INSERT INTO Ticket (pnr, passenger_id, schedule_id, seat_id, class_id, ticket_status, payment_id) VALUES ('PNR100012', 31, 18, NULL, 3, 'RAC', 14);
INSERT INTO Ticket (pnr, passenger_id, schedule_id, seat_id, class_id, ticket_status, payment_id) VALUES ('PNR100013', 18, 26, NULL, 1, 'RAC', 73);
INSERT INTO Ticket (pnr, passenger_id, schedule_id, seat_id, class_id, ticket_status, payment_id) VALUES ('PNR100014', 49, 29, NULL, 1, 'Waitlist', 79);
INSERT INTO Ticket (pnr, passenger_id, schedule_id, seat_id, class_id, ticket_status, payment_id) VALUES ('PNR100015', 13, 28, 11, 3, 'Confirmed', 36);
INSERT INTO Ticket (pnr, passenger_id, schedule_id, seat_id, class_id, ticket_status, payment_id) VALUES ('PNR100016', 24, 26, 36, 2, 'Confirmed', 10);
INSERT INTO Ticket (pnr, passenger_id, schedule_id, seat_id, class_id, ticket_status, payment_id) VALUES ('PNR100017', 32, 16, 16, 1, 'Confirmed', 69);
INSERT INTO Ticket (pnr, passenger_id, schedule_id, seat_id, class_id, ticket_status, payment_id) VALUES ('PNR100018', 33, 23, NULL, 3, 'RAC', 12);
INSERT INTO Ticket (pnr, passenger_id, schedule_id, seat_id, class_id, ticket_status, payment_id) VALUES ('PNR100019', 4, 10, 1, 1, 'Confirmed', 34);
INSERT INTO Ticket (pnr, passenger_id, schedule_id, seat_id, class_id, ticket_status, payment_id) VALUES ('PNR100020', 33, 29, NULL, 1, 'RAC', 24);
INSERT INTO Ticket (pnr, passenger_id, schedule_id, seat_id, class_id, ticket_status, payment_id) VALUES ('PNR100021', 32, 1, NULL, 1, 'RAC', 93);
INSERT INTO Ticket (pnr, passenger_id, schedule_id, seat_id, class_id, ticket_status, payment_id) VALUES ('PNR100022', 48, 18, NULL, 3, 'RAC', 83);
INSERT INTO Ticket (pnr, passenger_id, schedule_id, seat_id, class_id, ticket_status, payment_id) VALUES ('PNR100023', 30, 2, NULL, 3, 'RAC', 24);
INSERT INTO Ticket (pnr, passenger_id, schedule_id, seat_id, class_id, ticket_status, payment_id) VALUES ('PNR100024', 20, 25, NULL, 1, 'Waitlist', 31);
INSERT INTO Ticket (pnr, passenger_id, schedule_id, seat_id, class_id, ticket_status, payment_id) VALUES ('PNR100025', 13, 12, 31, 1, 'Confirmed', 80);
INSERT INTO Ticket (pnr, passenger_id, schedule_id, seat_id, class_id, ticket_status, payment_id) VALUES ('PNR100026', 25, 11, NULL, 1, 'RAC', 59);
INSERT INTO Ticket (pnr, passenger_id, schedule_id, seat_id, class_id, ticket_status, payment_id) VALUES ('PNR100027', 37, 8, NULL, 2, 'RAC', 24);
INSERT INTO Ticket (pnr, passenger_id, schedule_id, seat_id, class_id, ticket_status, payment_id) VALUES ('PNR100028', 35, 5, NULL, 1, 'Waitlist', 79);
INSERT INTO Ticket (pnr, passenger_id, schedule_id, seat_id, class_id, ticket_status, payment_id) VALUES ('PNR100029', 6, 5, NULL, 2, 'Waitlist', 33);
INSERT INTO Ticket (pnr, passenger_id, schedule_id, seat_id, class_id, ticket_status, payment_id) VALUES ('PNR100030', 17, 5, 6, 2, 'Confirmed', 66);
INSERT INTO Ticket (pnr, passenger_id, schedule_id, seat_id, class_id, ticket_status, payment_id) VALUES ('PNR100031', 7, 12, 41, 3, 'Confirmed', 76);
INSERT INTO Ticket (pnr, passenger_id, schedule_id, seat_id, class_id, ticket_status, payment_id) VALUES ('PNR100032', 3, 13, 36, 2, 'Confirmed', 58);
INSERT INTO Ticket (pnr, passenger_id, schedule_id, seat_id, class_id, ticket_status, payment_id) VALUES ('PNR100033', 35, 17, NULL, 1, 'Waitlist', 65);
INSERT INTO Ticket (pnr, passenger_id, schedule_id, seat_id, class_id, ticket_status, payment_id) VALUES ('PNR100034', 43, 2, 1, 1, 'Confirmed', 46);
INSERT INTO Ticket (pnr, passenger_id, schedule_id, seat_id, class_id, ticket_status, payment_id) VALUES ('PNR100035', 43, 17, NULL, 1, 'Waitlist', 16);
INSERT INTO Ticket (pnr, passenger_id, schedule_id, seat_id, class_id, ticket_status, payment_id) VALUES ('PNR100036', 11, 14, NULL, 1, 'RAC', 96);
INSERT INTO Ticket (pnr, passenger_id, schedule_id, seat_id, class_id, ticket_status, payment_id) VALUES ('PNR100037', 15, 22, NULL, 1, 'RAC', 32);
INSERT INTO Ticket (pnr, passenger_id, schedule_id, seat_id, class_id, ticket_status, payment_id) VALUES ('PNR100038', 42, 20, NULL, 2, 'RAC', 37);
INSERT INTO Ticket (pnr, passenger_id, schedule_id, seat_id, class_id, ticket_status, payment_id) VALUES ('PNR100039', 34, 21, 6, 2, 'Confirmed', 15);
INSERT INTO Ticket (pnr, passenger_id, schedule_id, seat_id, class_id, ticket_status, payment_id) VALUES ('PNR100040', 11, 20, NULL, 3, 'Waitlist', 11);
INSERT INTO Ticket (pnr, passenger_id, schedule_id, seat_id, class_id, ticket_status, payment_id) VALUES ('PNR100041', 5, 1, NULL, 3, 'RAC', 21);
INSERT INTO Ticket (pnr, passenger_id, schedule_id, seat_id, class_id, ticket_status, payment_id) VALUES ('PNR100042', 18, 28, NULL, 1, 'RAC', 85);
INSERT INTO Ticket (pnr, passenger_id, schedule_id, seat_id, class_id, ticket_status, payment_id) VALUES ('PNR100043', 11, 20, 21, 2, 'Confirmed', 9);
INSERT INTO Ticket (pnr, passenger_id, schedule_id, seat_id, class_id, ticket_status, payment_id) VALUES ('PNR100044', 11, 23, NULL, 1, 'Waitlist', 29);
INSERT INTO Ticket (pnr, passenger_id, schedule_id, seat_id, class_id, ticket_status, payment_id) VALUES ('PNR100045', 32, 15, 21, 2, 'Confirmed', 16);
INSERT INTO Ticket (pnr, passenger_id, schedule_id, seat_id, class_id, ticket_status, payment_id) VALUES ('PNR100046', 31, 11, NULL, 3, 'Waitlist', 25);
INSERT INTO Ticket (pnr, passenger_id, schedule_id, seat_id, class_id, ticket_status, payment_id) VALUES ('PNR100047', 17, 10, 1, 1, 'Confirmed', 16);
INSERT INTO Ticket (pnr, passenger_id, schedule_id, seat_id, class_id, ticket_status, payment_id) VALUES ('PNR100048', 33, 3, NULL, 2, 'RAC', 88);
INSERT INTO Ticket (pnr, passenger_id, schedule_id, seat_id, class_id, ticket_status, payment_id) VALUES ('PNR100049', 6, 23, 31, 1, 'Confirmed', 2);
INSERT INTO Ticket (pnr, passenger_id, schedule_id, seat_id, class_id, ticket_status, payment_id) VALUES ('PNR100050', 48, 15, 16, 1, 'Confirmed', 23);
INSERT INTO Ticket (pnr, passenger_id, schedule_id, seat_id, class_id, ticket_status, payment_id) VALUES ('PNR100051', 46, 12, NULL, 3, 'Waitlist', 62);
INSERT INTO Ticket (pnr, passenger_id, schedule_id, seat_id, class_id, ticket_status, payment_id) VALUES ('PNR100052', 14, 25, NULL, 2, 'Waitlist', 34);
INSERT INTO Ticket (pnr, passenger_id, schedule_id, seat_id, class_id, ticket_status, payment_id) VALUES ('PNR100053', 45, 10, NULL, 1, 'Waitlist', 21);
INSERT INTO Ticket (pnr, passenger_id, schedule_id, seat_id, class_id, ticket_status, payment_id) VALUES ('PNR100054', 27, 28, NULL, 3, 'RAC', 76);
INSERT INTO Ticket (pnr, passenger_id, schedule_id, seat_id, class_id, ticket_status, payment_id) VALUES ('PNR100055', 16, 14, NULL, 1, 'Waitlist', 12);
INSERT INTO Ticket (pnr, passenger_id, schedule_id, seat_id, class_id, ticket_status, payment_id) VALUES ('PNR100056', 16, 15, 26, 3, 'Confirmed', 11);
INSERT INTO Ticket (pnr, passenger_id, schedule_id, seat_id, class_id, ticket_status, payment_id) VALUES ('PNR100057', 28, 13, NULL, 1, 'Waitlist', 72);
INSERT INTO Ticket (pnr, passenger_id, schedule_id, seat_id, class_id, ticket_status, payment_id) VALUES ('PNR100058', 36, 24, 41, 3, 'Confirmed', 60);
INSERT INTO Ticket (pnr, passenger_id, schedule_id, seat_id, class_id, ticket_status, payment_id) VALUES ('PNR100059', 24, 15, 26, 3, 'Confirmed', 87);
INSERT INTO Ticket (pnr, passenger_id, schedule_id, seat_id, class_id, ticket_status, payment_id) VALUES ('PNR100060', 28, 28, NULL, 2, 'Waitlist', 2);
INSERT INTO Ticket (pnr, passenger_id, schedule_id, seat_id, class_id, ticket_status, payment_id) VALUES ('PNR100061', 33, 2, 1, 1, 'Confirmed', 66);
INSERT INTO Ticket (pnr, passenger_id, schedule_id, seat_id, class_id, ticket_status, payment_id) VALUES ('PNR100062', 46, 10, NULL, 3, 'Waitlist', 81);
INSERT INTO Ticket (pnr, passenger_id, schedule_id, seat_id, class_id, ticket_status, payment_id) VALUES ('PNR100063', 39, 27, NULL, 2, 'RAC', 19);
INSERT INTO Ticket (pnr, passenger_id, schedule_id, seat_id, class_id, ticket_status, payment_id) VALUES ('PNR100064', 41, 4, NULL, 1, 'RAC', 68);
INSERT INTO Ticket (pnr, passenger_id, schedule_id, seat_id, class_id, ticket_status, payment_id) VALUES ('PNR100065', 50, 26, NULL, 1, 'RAC', 38);
INSERT INTO Ticket (pnr, passenger_id, schedule_id, seat_id, class_id, ticket_status, payment_id) VALUES ('PNR100066', 3, 29, 36, 2, 'Confirmed', 42);
INSERT INTO Ticket (pnr, passenger_id, schedule_id, seat_id, class_id, ticket_status, payment_id) VALUES ('PNR100067', 45, 21, NULL, 3, 'Waitlist', 96);
INSERT INTO Ticket (pnr, passenger_id, schedule_id, seat_id, class_id, ticket_status, payment_id) VALUES ('PNR100068', 46, 6, 26, 3, 'Confirmed', 3);
INSERT INTO Ticket (pnr, passenger_id, schedule_id, seat_id, class_id, ticket_status, payment_id) VALUES ('PNR100069', 1, 25, NULL, 1, 'RAC', 84);
INSERT INTO Ticket (pnr, passenger_id, schedule_id, seat_id, class_id, ticket_status, payment_id) VALUES ('PNR100070', 22, 1, NULL, 2, 'RAC', 43);
INSERT INTO Ticket (pnr, passenger_id, schedule_id, seat_id, class_id, ticket_status, payment_id) VALUES ('PNR100071', 15, 8, NULL, 2, 'Waitlist', 85);
INSERT INTO Ticket (pnr, passenger_id, schedule_id, seat_id, class_id, ticket_status, payment_id) VALUES ('PNR100072', 8, 21, 1, 1, 'Confirmed', 30);
INSERT INTO Ticket (pnr, passenger_id, schedule_id, seat_id, class_id, ticket_status, payment_id) VALUES ('PNR100073', 15, 10, NULL, 1, 'Waitlist', 23);
INSERT INTO Ticket (pnr, passenger_id, schedule_id, seat_id, class_id, ticket_status, payment_id) VALUES ('PNR100074', 19, 4, NULL, 2, 'RAC', 76);
INSERT INTO Ticket (pnr, passenger_id, schedule_id, seat_id, class_id, ticket_status, payment_id) VALUES ('PNR100075', 21, 20, NULL, 1, 'RAC', 43);
INSERT INTO Ticket (pnr, passenger_id, schedule_id, seat_id, class_id, ticket_status, payment_id) VALUES ('PNR100076', 38, 11, NULL, 3, 'RAC', 16);
INSERT INTO Ticket (pnr, passenger_id, schedule_id, seat_id, class_id, ticket_status, payment_id) VALUES ('PNR100077', 3, 20, NULL, 1, 'RAC', 1);
INSERT INTO Ticket (pnr, passenger_id, schedule_id, seat_id, class_id, ticket_status, payment_id) VALUES ('PNR100078', 44, 2, 6, 2, 'Confirmed', 99);
INSERT INTO Ticket (pnr, passenger_id, schedule_id, seat_id, class_id, ticket_status, payment_id) VALUES ('PNR100079', 20, 8, NULL, 2, 'Waitlist', 86);
INSERT INTO Ticket (pnr, passenger_id, schedule_id, seat_id, class_id, ticket_status, payment_id) VALUES ('PNR100080', 21, 28, NULL, 1, 'Waitlist', 75);
INSERT INTO Ticket (pnr, passenger_id, schedule_id, seat_id, class_id, ticket_status, payment_id) VALUES ('PNR100081', 27, 5, NULL, 3, 'RAC', 67);
INSERT INTO Ticket (pnr, passenger_id, schedule_id, seat_id, class_id, ticket_status, payment_id) VALUES ('PNR100082', 17, 16, NULL, 2, 'RAC', 88);
INSERT INTO Ticket (pnr, passenger_id, schedule_id, seat_id, class_id, ticket_status, payment_id) VALUES ('PNR100083', 18, 27, 31, 1, 'Confirmed', 26);
INSERT INTO Ticket (pnr, passenger_id, schedule_id, seat_id, class_id, ticket_status, payment_id) VALUES ('PNR100084', 27, 23, NULL, 1, 'Waitlist', 84);
INSERT INTO Ticket (pnr, passenger_id, schedule_id, seat_id, class_id, ticket_status, payment_id) VALUES ('PNR100085', 27, 27, NULL, 3, 'RAC', 5);
INSERT INTO Ticket (pnr, passenger_id, schedule_id, seat_id, class_id, ticket_status, payment_id) VALUES ('PNR100086', 5, 17, 16, 1, 'Confirmed', 13);
INSERT INTO Ticket (pnr, passenger_id, schedule_id, seat_id, class_id, ticket_status, payment_id) VALUES ('PNR100087', 42, 11, NULL, 1, 'Waitlist', 8);
INSERT INTO Ticket (pnr, passenger_id, schedule_id, seat_id, class_id, ticket_status, payment_id) VALUES ('PNR100088', 10, 23, NULL, 3, 'Waitlist', 89);
INSERT INTO Ticket (pnr, passenger_id, schedule_id, seat_id, class_id, ticket_status, payment_id) VALUES ('PNR100089', 48, 20, NULL, 3, 'Waitlist', 5);
INSERT INTO Ticket (pnr, passenger_id, schedule_id, seat_id, class_id, ticket_status, payment_id) VALUES ('PNR100090', 2, 25, 6, 2, 'Confirmed', 87);
INSERT INTO Ticket (pnr, passenger_id, schedule_id, seat_id, class_id, ticket_status, payment_id) VALUES ('PNR100091', 39, 28, NULL, 3, 'RAC', 15);
INSERT INTO Ticket (pnr, passenger_id, schedule_id, seat_id, class_id, ticket_status, payment_id) VALUES ('PNR100092', 19, 13, NULL, 3, 'Waitlist', 19);
INSERT INTO Ticket (pnr, passenger_id, schedule_id, seat_id, class_id, ticket_status, payment_id) VALUES ('PNR100093', 45, 12, 41, 3, 'Confirmed', 48);
INSERT INTO Ticket (pnr, passenger_id, schedule_id, seat_id, class_id, ticket_status, payment_id) VALUES ('PNR100094', 21, 10, 11, 3, 'Confirmed', 62);
INSERT INTO Ticket (pnr, passenger_id, schedule_id, seat_id, class_id, ticket_status, payment_id) VALUES ('PNR100095', 22, 17, 21, 2, 'Confirmed', 74);
INSERT INTO Ticket (pnr, passenger_id, schedule_id, seat_id, class_id, ticket_status, payment_id) VALUES ('PNR100096', 17, 24, 41, 3, 'Confirmed', 25);
INSERT INTO Ticket (pnr, passenger_id, schedule_id, seat_id, class_id, ticket_status, payment_id) VALUES ('PNR100097', 49, 5, 6, 2, 'Confirmed', 26);
INSERT INTO Ticket (pnr, passenger_id, schedule_id, seat_id, class_id, ticket_status, payment_id) VALUES ('PNR100098', 23, 19, NULL, 1, 'RAC', 38);
INSERT INTO Ticket (pnr, passenger_id, schedule_id, seat_id, class_id, ticket_status, payment_id) VALUES ('PNR100099', 25, 30, NULL, 1, 'Waitlist', 18);
INSERT INTO Ticket (pnr, passenger_id, schedule_id, seat_id, class_id, ticket_status, payment_id) VALUES ('PNR100100', 25, 28, NULL, 2, 'RAC', 4);